Org Name,Address,Category,Latitude,Longitude
Open Door Alliance,"852 West End Ave, Nashville, TN 37203",Workforce Development,36.145525,-86.757683
Community Alliance,"3737 Jefferson St, Franklin, TN 37064",Health & Human Services,35.925992,-86.824035
Hands of Project,"1968 West End Ave, Murfreesboro, TN 37130",Youth Services,35.884556,-86.352815
Hope Coalition,"4025 Clarksville Pike, Hendersonville, TN 37075",Workforce Development,36.296164,-86.582927
Greater Nashville Center,"3474 Jefferson St, Gallatin, TN 37066",Workforce Development,36.379429,-86.41547
Cumberland Network,"206 Church St, Mt. Juliet, TN 37122",Workforce Development,36.179296,-86.551561
Bridge Foundation,"3249 Clarksville Pike, Brentwood, TN 37027",Youth Services,35.968681,-86.808333
United Coalition,"245 Briley Pkwy, Springfield, TN 37172",Youth Services,36.509154,-86.837313
Hope Initiative,"159 Main St, Columbia, TN 38401",Workforce Development,35.616083,-87.004555
Hands of Project,"3371 Main St, Lebanon, TN 37087",Hunger Relief,36.227365,-86.262629
Hope Project,"769 Gallatin Pike, Dickson, TN 37055",Hunger Relief,36.108432,-87.437529
Foundation for Alliance,"1069 Demonbreun St, Smyrna, TN 37167",Education,35.964564,-86.522596
